id;name;description;updated_at
1;Azerbaijanian deposit maximized;Cambridgeshire Avon Pataca;2023-01-06T22:37:48
2;e-commerce Unbranded;Profound Ecuador reboot;2023-01-07T03:21:38
3;reboot Avon database;systemic 1080p Practical;2023-01-07T08:30:39
4;teal compressing;Jewelery;2023-01-07T04:48:24
5;Toys Utah Concrete;Niue hub generate;2023-01-07T01:10:32
6;Legacy;cross-platform Chief;2023-01-06T23:25:08
7;mesh Concrete;Keyboard channels fuchsia;2023-01-07T12:53:47
8;value-added Movies;Fish violet Metrics;2023-01-07T01:35:42
9;orchestration system bus;Wooden Dinar circuit;2023-01-06T19:09:10
10;SDD viral multi-byte;Savings;2023-01-07T07:25:21
